code,name
24,Nissan 180SX Type X '96
31,Chevrolet Camaro Z28 '69
36,Chevrolet Chevelle SS 454 Sport Coupé '70
37,Honda Civic SiR-II (EG) '93
41,Chevrolet Corvette Stingray (C3) '69
48,Nissan Fairlady 240ZG (HS30) '71
51,Mitsubishi FTO GP Version R '97
63,Toyota Corolla Levin 1600GT APEX (AE86) '83
78,Nissan Silvia K's Aero (S14) '96
82,Toyota Supra RZ '97
102,Nissan Skyline GTS-R (R31) '87
104,Nissan Sileighty '98
105,Peugeot 205 Turbo 16 Evolution 2 '86
116,Toyota GT-One (TS020) '99
135,Honda S800 '66
137,Honda Beat '91
140,Honda NSX GT500 '00
145,Daihatsu Copen '02
173,Renault R5 Turbo '80
187,TVR Tuscan Speed 6 '00
201,Mazda Eunos Roadster (NA) '89
203,Honda Integra Type R (DC2) '98
204,Honda Civic Type R (EK) '98
205,Mazda RX-7 Spirit R Type A (FD) '02
207,Toyota MR2 GT-S '97
210,Nissan R34 GT-R V-spec II Nur '02
211,Mitsubishi Lancer Evolution V GSR '98
216,BMW McLaren F1 GTR Race Car '97
293,Honda NSX Type R '92
296,Mazda 787B '91
301,Mitsubishi Lancer Evolution IV GSR '96
315,Shelby Cobra 427 '66
334,Renault Clio V6 24V '00
345,Toyota Sprinter Trueno 1600GT APEX (S.Shigeno Version)
365,Alfa Romeo 155 2.5 V6 TI '93
374,Mazda RX-7 GT-X (FC) '90
379,Subaru Impreza Coupe WRX Type R STi Ver.VI '99
387,Mercedes-Benz 300 SL Coupe '54
396,Honda NSX Type R '02
451,Subaru Impreza 22B-STi '98
485,Nissan GT-R GT500 '99
489,Nissan R33 GT-R V-spec '97
514,Honda S2000 '99
533,Lancia Stratos '73
543,Jaguar XJ220 '92
575,Mercedes-Benz 190 E 2.5-16 Evolution II '91
604,Toyota 2000GT '67
655,BMW Z4 3.0i '03
665,Plymouth Superbird '70
688,Honda Integra Type R (DC2) '95
709,Nissan Fairlady Z 300ZX TT 2seater '89
729,Renault Avantime 3.0 V6 24V '02
761,Lancia Lancia Delta HF Integrale Rally Car '92
773,Nissan R32 GT-R V-spec II '94
779,Suzuki Cappuccino (EA11R) '91
781,Toyota Celica GT-FOUR Rally Car (ST205) '95
799,Mitsubishi Lancer Evolution VIII MR GSR '04
808,Suzuki V6 Escudo Pikes Peak Special spec.98
810,Toyota Sprinter Trueno 1600GT APEX (AE86) '83
818,Chevrolet Corvette (C2) '63
821,Honda Civic Type R (EK) '97
829,Lancia Delta HF Integrale Evoluzione '91
836,Nissan Skyline 2000GT-R (KPGC110) '73
837,Nissan Skyline Hard Top 2000GT-R (KPGC10) '70
843,Toyota Supra 3.0GT Turbo A '88
919,Nissan Silvia Q's (S13) '88
931,Mitsubishi Lancer Evolution III GSR '95
942,Chevrolet Corvette ZR-1 (C4) '89
954,Nissan R92CP '92
959,Audi TT Coupe 3.2 quattro '03
967,Mazda efini RX-7 Type R (FD) '91
998,Mercedes-Benz Sauber Mercedes C9 '89
1027,DMC DeLorean S2 '04
1040,Ford Ford GT LM Race Car Spec II
1044,Toyota Sports 800 '65
1067,Jaguar XJR-9 '88
1069,Chaparral 2J '70
1365,Audi R8 4.2 '07
1370,MINI MINI Cooper S '05
1373,Dodge Viper GTS '02
1378,Ferrari F430 '06
1384,Nissan Fairlady Z Version S (Z33) '07
1385,Suzuki Swift Sport '07
1399,BMW M3 '07
1402,Dodge Viper SRT10 Coupe '06
1409,Ferrari F40 '92
1410,Ferrari 512 BB '76
1425,Ford Ford GT LM Spec II Test Car
1426,Ford Ford GT '06
1427,Mine's BNR34 GT-R N1 base
1431,RE Amemiya RE Amemiya FD3S RX-7
1433,Amuse Amuse S2000 GT1 Turbo
1448,Nissan SILVIA spec-R Aero (S15) '02
1458,Nissan Fairlady Z (Z34) '08
1461,Nissan Silvia K's Dia Selection (S13) '90
1466,Nissan GT-R GT500 '08
1470,Toyota Supra GT500 '97
1474,Ferrari Enzo Ferrari '02
1480,Chevrolet Corvette ZR1 (C6) '09
1481,Lamborghini Countach 25th Anniversary '88
1484,Lamborghini Countach LP400 '74
1504,Ferrari 458 Italia '09
1506,Lamborghini Gallardo LP 560-4 '08
1507,AMG SLS AMG '10
1508,Mitsubishi Lancer Evolution VI GSR T.M. SCP '99
1510,Honda NSX GT500 '08
1516,Lexus SC430 GT500 '08
1523,Fiat 500 F '68
1527,Fiat 500 1.2 8V Lounge SS '08
1528,Mercedes-Benz SLR McLaren '09
1536,Pagani Zonda R '09
1537,Toyota Prius G '09
1539,Maserati GranTurismo S '08
1540,McLaren McLaren F1 '94
1541,Audi TTS Coupe '09
1542,Chevrolet Corvette Convertible (C3) '69
1543,Dodge Challenger R/T '70
1544,Ferrari 430 Scuderia '07
1545,Lamborghini Murcielago LP 640 '09
1549,Amuse Amuse NISMO 380RS Super Leggera
1551,Ferrari 330 P4 '67
1553,Jaguar XJ13 '66
1562,Lexus LFA '10
1563,Renault Megane Trophy '11
1565,Ford Mark IV Race Car '67
1578,Alfa Romeo 8C Competizione '08
1581,Citroen GT by Citroen Road Car
1582,Lamborghini Miura P400 Bertone Prototype '67
1645,Alfa Romeo GIULIA TZ2 carrozzata da ZAGATO '65
1646,Peugeot 908 HDi FAP '10
1671,Volkswagen Sambabus Typ 2 '62
1689,Honda Civic Type R (EK) Touring Car
1722,McLaren MP4-12C '10
1729,Ford Mustang Mach 1 '71
1746,Mazda Roadster Touring Car
1770,Lamborghini Aventador LP 700-4 '11
1773,Volkswagen Scirocco R '10
1778,Volkswagen Volkswagen 1200 '66
1796,Alpine A110 '72
1797,AMG SLS AMG GT3 '11
1893,BMW Z8 '01
1895,Ferrari Dino 246 GT '71
1896,Tesla Model S Signature Performance '12
1898,Aston Martin One-77 '11
1900,Plymouth XNR Ghia Roadster '60
1902,BMW Z4 GT3 '11
1904,BMW M3 GT '11
1905,Nissan GT-R NISMO GT3 '13
1907,KTM X-BOW R '12
1916,Chevrolet Corvette C7 '14
1925,Shelby G.T.350 '65
1926,Shelby Cobra Daytona Coupe '64
1927,Audi Sport quattro S1 Pikes Peak '87
1931,Ferrari 250 GT Berlinetta passo corto '61
1932,Abarth 1500 Biposto Bertone B.A.T 1 '52
1933,Alfa Romeo MiTo '09
1935,Ford GT40 Mark I '66
1956,Dodge Viper GTS '13
1965,Audi R18 TDI '11
1973,Abarth Abarth 500 '09
1975,Mazda RX500 '70
1984,McLaren McLaren F1 GTR - BMW '95
1985,Pontiac Firebird Trans Am '78
1986,Renault R8 Gordini '66
1987,Renault Megane R.S. Trophy '11
1990,Lamborghini Diablo GT '00
2010,Ferrari 250 GTO '62
2011,Ferrari 500 Mondial Pinin Farina Coupe '54
2017,Ferrari GTO '84
2018,Ferrari 365 GTB4 '71
2026,Toyota Aqua S '11
2049,Bugatti Veyron 16.4 '13
2050,Pagani Huayra '13
2051,Hyundai Genesis Coupe 3.8 '13
2055,AMG Mercedes-Benz AMG VGT
2059,Chevrolet Corvette Stingray Racer Concept '59
2060,Gran Turismo Racing Kart 125 Shifter
2074,BMW M4 '14
2076,AMG Mercedes-Benz AMG VGT Racing Series
2077,Gran Turismo Red Bull X2014 Standard
2078,Gran Turismo Red Bull X2014 Junior
2080,Toyota FT-1
2087,BMW BMW VGT
2095,Mitsubishi Concept XR-PHEV EVOLUTION VGT
2098,Volkswagen GTI Roadster VGT
2099,Subaru VIZIV GT VGT
2101,Toyota TS030 Hybrid '12
2103,Aston Martin DP-100 VGT
2106,Toyota FT-1 VGT
2107,Chaparral Chaparral 2X VGT
2108,Dodge SRT Tomahawk X VGT
2109,MINI MINI Clubman VGT
2110,Dodge SRT Tomahawk GTS-R VGT
2111,Dodge SRT Tomahawk S VGT
2112,Alpine Alpine VGT
2113,Peugeot PEUGEOT VGT
2116,Alpine Alpine VGT Race
2117,Infiniti INFINITI CONCEPT VGT
2118,Mazda LM55 VGT
2119,Italdesign Italdesign VGT Street Mode
2120,Italdesign Italdesign VGT Off-road Mode
2121,Honda Honda Sports VGT
2122,Zagato IsoRivolta Zagato VGT
2123,Lexus LF-LC GT VGT
2124,Volkswagen GTI Supersport VGT
2127,Nissan GT-R LM NISMO '15
2131,Aston Martin V12 Vantage GT3 '12
2134,Bugatti Bugatti VGT
2135,Hyundai HYUNDAI N 2025 VGT
2136,Alfa Romeo 4C '14
2138,Ford Mustang GT '15
2139,Lexus RC F '14
2141,Volkswagen Golf VII GTI '14
2142,Nissan NISSAN CONCEPT 2020 VGT
2143,Audi R8 LMS '15
2144,Toyota S-FR '15
2145,Ford Focus ST '15
2146,Jaguar F-type R '14
2147,Lamborghini Veneno '14
2148,Mazda Roadster S (ND) '15
2149,AMG Mercedes-AMG GT S '15
2150,Mitsubishi Lancer Evolution Final '15
2152,Dodge Charger SRT Hellcat '15
2153,Subaru WRX STI Type S '14
2154,Toyota 86 GT '15
2155,Volkswagen Polo GTI '14
2156,Honda 2&4 powered by RC213V
2157,Aston Martin V8 Vantage Gr.4
2158,Ferrari 458 Italia GT3 '13
2159,Ford Mustang Gr.3
2160,Hyundai Genesis Gr.3
2161,Nissan GT-R Gr.4
2162,Ferrari LaFerrari '13
2163,Hyundai Genesis Gr.4
2164,Ford Mustang Gr.4
2166,Alfa Romeo 4C Gr.4
2167,Nissan GT-R '17
2169,Audi TTS Coupe '14
2170,AMG A 45 AMG '13
2171,Lamborghini Huracan LP 610-4 '15
2172,DS AUTOMOBILES DS 3 Racing '11
2173,Mazda Atenza Sedan XD L Package '15
2174,McLaren 650S '14
2175,Aston Martin V8 Vantage S '15
2176,Peugeot RCZ GT Line '15
2177,Lamborghini Huracan GT3 '15
2178,Toyota S-FR Racing Concept '16
2179,Bugatti Bugatti VGT (Gr.1)
2180,Hyundai HYUNDAI N 2025 VGT (Gr.1)
2181,Mazda LM55 VGT (Gr.1)
2182,McLaren 650S GT3 '15
2183,Chevrolet Corvette C7 Gr.3
2184,Jaguar F-type Gr.3
2185,Mitsubishi Lancer Evolution Final Gr.3
2186,Subaru WRX Gr.3
2187,Toyota FT-1 VGT (Gr.3)
2188,Renault R.S.01 GT3 '16
2190,Citroen GT by Citroen Race Car (Gr.3)
2192,Volkswagen Volkswagen GTI VGT (Gr.3)
3183,Peugeot PEUGEOT VGT (Gr.3)
3185,Alfa Romeo 4C Gr.3
3187,Alpine Alpine VGT '17
3188,Dodge SRT Tomahawk VGT (Gr.1)
3192,AMG SLS AMG Gr.4
3209,BMW M4 Safety Car
3210,AMG Mercedes-AMG GT Safety Car
3214,Honda Civic Type R (FK2) '15
3215,Peugeot 208 GTi by Peugeot Sport '14
3216,Renault R.S.01 '16
3217,Chevrolet Camaro SS '16
3218,BMW M6 GT3 Endurance Model '16
3219,Honda NSX '17
3220,Renault Clio R.S. 220 Trophy '15
3221,BMW M6 GT3 Sprint Model '16
3222,Toyota 86 GRMN '16
3223,Dodge Viper SRT GT3-R '15
3224,AMG Mercedes-AMG GT3 '16
3225,Nissan GT-R Safety Car
3227,Lexus LC500 '17
3228,Lexus RC F GT3 prototype '16
3229,Ford Mustang Gr.B Rally Car
3230,Mitsubishi Lancer Evolution Final Gr.B Rally Car
3231,Volkswagen Scirocco Gr.4
3232,Subaru WRX Gr.B Rally Car
3234,Hyundai Genesis Gr.B Rally Car
3235,Honda NSX Gr.3
3237,Mazda Atenza Gr.3
3238,Peugeot RCZ Gr.3
3239,Honda NSX Gr.B Rally Car
3241,Nissan GT-R Gr.B Rally Car
3242,Peugeot RCZ Gr.B Rally Car
3245,BMW M4 Gr.4
3246,Bugatti Veyron Gr.4
3247,Chevrolet Corvette C7 Gr.4
3248,Citroen GT by Citroen Gr.4
3249,Dodge Viper Gr.4
3251,Honda NSX Gr.4
3252,Jaguar F-type Gr.4
3253,Lamborghini Huracan Gr.4
3254,Lexus RC F Gr.4
3256,Mazda Atenza Gr.4
3257,McLaren 650S Gr.4
3258,Mitsubishi Lancer Evolution Final Gr.4
3259,Peugeot RCZ Gr.4
3260,Renault Megane Gr.4
3261,Subaru WRX Gr.4
3262,Toyota 86 Gr.4
3263,Ferrari 458 Italia Gr.4
3264,Ford Focus Gr.B Rally Car
3265,Toyota 86 Gr.B Rally Car
3266,BMW i3 '15
3267,Ferrari F12berlinetta '12
3268,Porsche 911 GT3 RS (991) '16
3295,Toyota 86 GT 'Limited' '16
3296,Chevrolet Corvette C7 Gr.3 Road Car
3297,Subaru WRX STI Isle of Man '16
3298,Audi TT Cup '16
3299,Alfa Romeo 4C Gr.3 Road Car
3300,Ford Mustang Gr.3 Road Car
3301,Mitsubishi Lancer Evolution Final Gr.B Road Car
3303,Peugeot RCZ Gr.3 Road Car
3304,Subaru WRX Gr.B Road Car
3305,Volkswagen Beetle Gr.3
3306,Mazda Atenza Gr.3 Road Car
3309,Aston Martin Vulcan '16
3310,Porsche Cayman GT4 Clubsport '16
3311,Porsche 911 RSR (991) '17
3312,Toyota TS050 - Hybrid '16
3313,Porsche 919 Hybrid '16
3314,Audi Audi VGT
3315,McLaren McLaren VGT
3316,Daihatsu COPEN RJ VGT
3332,Peugeot L500R HYbrid VGT 2017
3333,Peugeot L750R HYbrid VGT 2017
3334,Audi R18 '16
3335,McLaren McLaren VGT (Gr.1)
3336,Ford F-150 SVT Raptor '11
3337,Alpine A110 '17
3338,Chris Holstrom Concepts CHC 1967 Chevy Nova
3339,Subaru BRZ Drift Car '17
3340,Lexus RC F GT3 '17
3341,De Tomaso Pantera '71
3342,Gran Turismo F1500T-A
3343,Aston Martin DB11 '16
3344,BMW M3 Sport Evolution '89
3345,Nissan GT-R NISMO '17
3346,Eckert's Rod & Custom Mach Forty
3348,Honda NSX CONCEPT-GT '16
3349,Lexus RC F GT500 '16
3350,Nissan GT-R NISMO GT500 '16
3351,Audi Audi e-tron VGT
3352,Toyota GR Supra Racing Concept '18
3353,Renault Clio R.S. 220 Trophy '16
3354,Subaru BRZ S '15
3356,MINI Mini-Cooper 'S' '65
3357,Honda S660 '15
3358,Porsche 911 GT3 (996) '01
3359,Porsche 911 GT3 (997) '09
3360,McLaren McLaren P1 GTR '16
3361,Jaguar E-type Coupe '61
3362,Ferrari F50 '95
3363,Aston Martin DB3S '53
3364,Greddy Greddy Fugu Z
3365,Porsche 356 A/1500 GS GT Carrera Speedster '56
3367,Toyota GR Supra RZ '19
3368,Toyota Tundra TRD Pro '19
3369,Radical SR3 SL '13
3370,Honda Fit Hybrid '14
3371,Super Formula (Dallara) SF19 Super Formula / Toyota '19
3372,Super Formula (Dallara) SF19 Super Formula / Honda '19
3373,Porsche 962 C '88
3374,Gran Turismo Red Bull X2019 Competition
3375,Porsche 356 A/1500 GS Carrera '56
3376,Jaguar D-type '54
3377,Dodge Super Bee '70
3383,Mazda Demio XD Touring '15
3384,Mitsubishi GTO Twin Turbo '91
3385,Porsche 911 Turbo (930) '81
3387,Chevrolet Camaro ZL1 1LE Package '18
3388,AMG 300 SEL 6.8 AMG '71
3389,BMW M3 '03
3390,Porsche Taycan Turbo S '19
3391,Ford Shelby GT350R '16
3392,Lamborghini Aventador LP 750-4 SV '15
3393,Porsche Carrera GT '04
3394,Aston Martin DBR9 GT1 '10
3396,Jaguar Jaguar VGT Coupe
3397,Mercedes-Benz CLK-LM '98
3398,RUF CTR3 '07
3399,Toyota GR Supra Race Car '19
3400,Porsche 911 GT1 Strassenversion '97
3401,Toyota Crown Athlete G '13
3402,Ford Ford GT '17
3403,Volkswagen Golf I GTI '83
3404,Porsche 911 Carrera RS CS (993) '95
3405,Audi R8 LMS Evo '19
3406,Dodge Charger SRT Hellcat Safety Car
3407,Renault Megane R.S. Trophy Safety Car
3408,Toyota Crown Athlete G Safety Car
3409,BAC Mono '16
3410,Porsche 917K '70
3411,Alfa Romeo Giulia GTAm '20
3412,Audi R8 Coupé V10 plus '16
3413,Subaru BRZ STI Sport '18
3414,Lamborghini Lambo V12 VGT
3415,Alfa Romeo 8C 2900B Touring Berlinetta '38
3416,AMG Mercedes-AMG GT R '17
3417,Jaguar Jaguar VGT SV
3418,Toyota GR Supra RZ '20
3419,Mazda RX-VISION GT3 CONCEPT
3420,Ford Focus RS '18
3421,Maserati Merak SS '80
3422,BMW 3.0 CSL '73
3423,Wicked Fabrication Wicked Fabrication GT 51
3424,Mitsubishi Lancer Evolution IX MR GSR '06
3426,Roadster Shop Roadster Shop Rampage
3427,Mazda RX-8 Spirit R '12
3428,Mercedes-Benz S Barker Tourer '29
3429,Nissan Fairlady Z 432 '69
3430,Jeep Willys MB '45
3431,Porsche 911 Carrera RS (964) '92
3432,Subaru Impreza Sedan WRX STi '04
3433,Ferrari FXX K '14
3434,Ferrari Testarossa '91
3436,Ford Ford GT Race Car '18
3437,De Tomaso Mangusta '69
3438,Abarth Abarth 595 SS '70
3439,Porsche 911 Carrera RS (993) '95
3440,Porsche 911 Turbo S Leichtbau (964) '93
3441,Mercedes-Benz 300 SL (W194) '52
3442,Autobianchi A112 Abarth '85
3443,Ferrari 308 GTB '75
3444,Ford 1932 Ford Roadster Hot Rod
3445,Aston Martin DB5 '64
3446,Porsche Spyder type 550/1500RS '55
3447,Aston Martin Vantage '18
3449,Chevrolet Corvette C7 ZR1 '19
3450,Nissan GT-R NISMO GT3 '18
3451,Toyota GR Yaris RZ 'High performance' '20
3452,Porsche 917 LIVING LEGEND
3453,BMW M3 '89
3454,BMW 3.0 CSL '71
3456,Suzuki Swift Sport '17
3457,Alpine A220 Race Car '68
3458,AMG Mercedes-AMG C 63 S '15
3459,Porsche 918 Spyder '13
3462,Pontiac GTO 'The Judge' '69
3464,Chevrolet Corvette (C1) '58
3466,Ford Sierra RS 500 Cosworth '87
3467,Honda Civic Type R Limited Edition (FK8) '20
3468,RUF RGT 4.2 '16
3469,Ferrari F8 Tributo '19
3470,Ferrari 812 Superfast '17
3471,Toyota Celica GT-Four (ST205) '94
3473,Bugatti Chiron '16
3474,Subaru BRZ GT300 '21
3475,McLaren MP4/4 '88
3476,Suzuki Suzuki Vision Gran Turismo
3477,Nissan Silvia spec-R Aero (S15) Touring Car
3478,Porsche Porsche VGT
3479,Jaguar Jaguar VGT Roadster
3480,Suzuki Swift Sport Gr.4
3481,Toyota GR86 RZ '21
3482,Volvo V40 T5 R-Design '13
3483,BMW M2 Competition '18
3485,AMG Mercedes-AMG GT Black Series '20
3486,Dodge Challenger SRT Demon '18
3487,Ford Mustang Boss 429 '69
3488,Porsche Cayman GT4 '16
3489,Maserati A6GCS/53 Spyder '54
3490,Porsche Carrera GTS (904) '64
3493,Nissan Skyline Super Silhouette Group 5 '84
3494,Toyota Alphard Executive Lounge '18
3495,Mazda RX-VISION '15
3499,Toyota GR010 HYBRID '21
3500,Genesis G70 3.3T AWD Prestige Package '22
3501,Genesis G70 GR4
3502,Genesis Genesis X GR3
3503,Mazda RX-VISION GT3 CONCEPT Stealth Model
3504,Nissan Z Performance '23
3505,De Tomaso Mangusta (Christian Dior)
3506,Subaru BRZ S '21
3507,Porsche Porsche VGT Spyder
3508,Suzuki SUZUKI Vision Gran Turismo (Gr.3 Version)
3509,Porsche 911 Carrera RS (901) '73
3510,Ferrari Ferrari Vision Gran Turismo
3511,Volkswagen ID.R '19
3512,Mazda Roadster NR-A (ND) '22
3513,Nissan Silvia K's Type S (S14) '94
3514,Citroen DS 21 Pallas '70
3515,Toyota GR010 HYBRID (Olympic Esports Series) '21
3517,Gran Turismo Red Bull X2019 25th Anniversary
3518,Chevrolet Corvette C8 Stingray '20
3519,Porsche 959 '87
3520,NISMO 400R '95
3521,Mazda Mazda3 '19
3522,Greening Auto Company Maverick
3523,Audi RS 5 Turbo DTM '19
3524,Nissan GT-R NISMO (R32) '90
3525,Honda RA272 '65
3526,Garage RCR Civic
3528,Super Formula (Dallara) SF23 Super Formula / Honda '23
3529,Super Formula (Dallara) SF23 Super Formula / Toyota '23
3530,Alfa Romeo Giulia Sprint GT Veloce '67
3531,AMG GT3 '20
3532,Aston Martin Valkyrie '21
3533,Maserati MC20 '20
3534,Toyota Ambulance Himedic '21
3535,Toyota GR Corolla MORIZO Edition '22
3536,Honda Civic Type R (FL5) '22
3537,Mazda MAZDA3 Gr.4
3538,Dodge Charger R/T 426 Hemi '68
3539,Porsche 911 GT3 RS (992) '22
3540,Tesla Model 3 Performance '23
3541,BVLGARI BVLGARI Aluminium VGT
3542,Skoda SKODA Vision Gran Turismo
3543,Genesis Genesis X Gran Berlinetta VGT Concept
3544,Genesis Genesis X Gran Racer Vision Gran Turismo Concept
3545,Suzuki Jimny XC '18
3546,AFEELA AFEELA Prototype 2024
3547,Renault R4 GTL '85
3548,Lamborghini Urus '18
3549,Volvo 240 SE Estate '93
3550,Subaru Impreza Rally Car '98
3551,BMW M3 '97
3553,Nissan GT-R Premium edition T-spec '24
3554,Toyota Hiace Van DX '16
3555,Ford Escort RS Cosworth '92
3556,Mercedes-Benz Unimog Type 411 '62
3557,Mercedes-Benz W 196 R '55
3558,Porsche 911 Turbo S (992) '20
3559,Suzuki Jimny Sierra JC '18
3560,Porsche Mission X '23
3561,Hyundai IONIQ 5 N '24
3562,Gran Turismo F3500-A
3563,Honda Civic Si Extra (EF) '87
3564,Peugeot 205 GTI '88
3565,Toyota C-HR S '18
3566,Mazda CX-30 X Smart Edition '21
3567,Renault Kangoo 1.4 '01
3568,Nissan Qashqai Tekna 190 2wd e-Power '22
3569,NISMO R34 GT-R Z-tune '05
3570,Chevrolet Corvette Z06 (C5) '01
3571,Suzuki Carry KC '12
3572,Honda CR-V e:HEV EX Black Edition '21
3573,Citroen BX 19 TRS '87
3574,Peugeot SUV 2008 Allure '21
3575,Fiat Panda 30 CL '85
3576,Honda N-ONE RS '22
3577,Opel Corsa GSE Vision Gran Turismo
3578,Mazda MAZDA SPIRIT RACING ROADSTER 12R '25
3579,AFEELA AFEELA 1 '26
3581,Chevrolet Corvette CX Concept '25
3582,Chevrolet Corvette CX.R Vision Gran Turismo Concept
3583,Toyota RAV4 Adventure '20
3584,Toyota Land Cruiser FJ40V '74
3585,Hyundai ELANTRA N '23
3586,Polestar Polestar 5 Performance
3587,Ferrari 296 GTB '22
3588,Ferrari 296 GT3 '23
3589,Gran Turismo F3500-B
3590,Hyundai ELANTRA N TC '24
3591,Renault Espace F1 '95
3592,Chevrolet Camaro 1969 Race-Mod
3593,Volkswagen Beetle 1966 Desert Racer
3594,Ford Mustang 2015 American Racer
3595,Nissan Skyline GT-R GP-Tuned (KPGC10)
3596,Toyota Supra GT Road Car (JZA80)
3597,Porsche 911 Turbo Rally (930)
3598,Toyota AE86 Levin D-Tuned
3599,Xiaomi SU7 Ultra '25
3600,Porsche 911 GT3 R (992) '22
3601,Renault Captur S Edition TCe 140 '21
3602,Yangwang U9 '24
3603,Renault Twingo '93
